<?xml version="1.0" encoding="UTF-8"?>
<project-private xmlns="http://www.netbeans.org/ns/project-private/1">
    <editor-bookmarks xmlns="http://www.netbeans.org/ns/editor-bookmarks/2" lastBookmarkId="0"/>
    <open-files xmlns="http://www.netbeans.org/ns/projectui-open-files/2">
        <group>
            <file>file:/C:/Users/rdominguez/OneDrive%20-%20Urrea%20Herramientas%20Profesionales%20S.A.%20de%20C.V/Documentos/Clases%20Maestria/VIERNES/conversionMoneda/src/conversionmoneda/ConversionMoneda.java</file>
            <file>file:/C:/Users/rdominguez/OneDrive%20-%20Urrea%20Herramientas%20Profesionales%20S.A.%20de%20C.V/Documentos/Clases%20Maestria/VIERNES/conversionMoneda/src/conversionmoneda/monedaInterfaz.java</file>
        </group>
    </open-files>
</project-private>
